,customer_age,delivery_distance_km
0,21,14.117143543453489
8,20,9.29136381553333
12,25,14.808219580231285
22,20,15.717726498221428
23,21,3.9572949596858336
24,21,10.712287078954592
37,19,3.1875847015563763
43,24,37.462477952067616
44,23,9.55881359808276
47,24,32.539750746755
48,19,25.680592248566192
55,22,33.875247077092006
58,28,2.696102683040341
64,19,13.961635545987471
65,19,39.84176117609474
74,29,0.2831413662736972
75,23,39.04059634160562
76,28,30.4904983886112
77,21,35.685147607275894
85,20,5.265226905002208
96,28,23.452653125978745
101,19,3.2200557292899648
114,21,5.64113225112214
117,29,37.330766266825535
121,27,26.570005768141943
123,22,37.80967587733976
126,21,1.0227534803796223
132,24,9.76873344953112
134,21,34.2130641458368
135,25,36.94023055697133
139,21,22.81259461507197
156,24,9.74780487009266
161,26,9.43821345380997
163,24,6.756515892303123
182,24,5.9639949583134335
184,22,5.304770850849803
190,23,30.16066612795833
193,23,30.192440396507045
195,27,6.472500668806184
213,24,10.25607716782007
216,26,37.63163599153516
218,29,8.822235973450974
221,25,28.83646439579945
226,19,34.5945137218601
228,19,34.788989103587056
238,21,31.985811580274333
257,25,1.1188112335413558
260,27,35.83012616104518
261,23,2.076083448468101
281,19,36.06182580870709
283,18,30.84842727115188
287,28,5.455200253689622
305,22,20.13433150609994
306,20,19.535504097568968
320,23,15.914203818284486
331,28,24.481802235169365
335,24,1.5799006064386032
346,20,0.1193680731585773
350,25,3.830149814597105
355,25,23.1933823576917
356,27,21.89719214422268
363,29,34.061722766495784
370,26,32.75602756595341
384,18,14.776841307705125
385,25,10.783059090512406
386,28,0.2626004878902465
393,29,22.550822601976225
399,29,21.125052814583103
415,25,25.50344183568193
423,27,2.302921229920754
425,28,9.685736618162744
428,27,0.5889941588867673
429,21,28.773529091225413
432,29,37.13712732180372
434,28,21.93419858358644
436,23,2.272609707826461
443,18,2.29332760103809
445,25,34.33409479386121
448,25,30.58946342741852
450,20,34.42610832161159
452,26,19.1965595817916
455,22,0.5471006040578525
457,23,15.61564566522603
463,27,18.77026627544586
474,26,27.14993487785773
476,25,11.30695498871798
478,25,25.625162572610485
479,29,14.827629468668889
481,28,27.65091652157748
482,27,11.939450757839154
488,18,29.97750609182513
492,19,12.74959369014814
507,27,3.6265509929068473
509,22,22.376238893511804
517,24,3.375737492499171
519,26,29.621040495227263
520,24,15.872697480902696
521,20,10.896563094129668
524,28,8.252824153307879
525,18,3.9438456075940223
526,26,9.91030275435694
534,19,11.28199882218794
536,28,11.213856774769846
537,18,30.1824659357659
538,19,36.92931033613274
540,23,14.968582007328733
543,22,16.06913060660728
547,19,35.14226365053624
550,20,10.690285049906064
553,25,4.21629672111288
554,26,22.071640226898847
559,20,5.855184508574683
561,21,9.002395788890343
565,20,39.8051931032522
571,26,22.05930214446256
591,23,39.9571677440366
599,20,19.016454089513896
607,27,22.272336631781453
610,25,32.016145069738066
616,29,24.301869558799183
617,28,27.670947520491296
619,21,19.69230999332668
621,22,6.779748847743406
629,26,36.96455722250215
631,26,2.690175600033034
637,27,4.61778953855146
643,25,8.137522116128858
648,26,2.289709497835512
656,24,2.3186830013802844
667,27,39.85011188046911
669,22,10.808582784542883
671,20,13.207567530182612
677,25,28.5606172194179
679,25,8.665572788337721
682,22,39.61240452605883
691,22,5.958709010026648
693,24,4.602640334711936
703,23,8.063192025571476
708,26,12.862089839222344
711,18,13.448776713513006
720,23,24.18365210632953
721,22,9.393325272554035
723,24,7.941979026271599
725,28,10.379317034828878
730,29,6.056012727972565
734,25,34.94233682379825
735,20,35.532312797270336
744,26,7.514569124034666
749,25,10.183301218998269
750,29,33.55459022673341
754,19,19.99750933081864
756,26,25.70605267876873
770,25,25.04115469784468
778,23,20.73230197675
779,19,8.570634804950835
781,24,23.71713366165993
790,22,19.14870163154895
810,22,19.544170039500063
820,25,31.359727187635027
821,26,18.284601549843984
826,27,33.01496778097447
827,23,10.354444392535784
828,18,38.97648945840374
830,22,4.032804451875784
832,28,30.57515746030591
834,24,34.17988730782774
835,23,1.4698289721569229
839,23,23.317624926298908
851,28,19.05504356135858
857,18,29.392677511506506
858,27,21.957261060901928
867,25,18.734554721513145
868,29,21.95146313228483
879,25,1.0365125284195364
881,19,14.629610976528204
896,19,2.263090233410337
901,20,8.964609026670683
906,25,1.5993006130868042
910,28,1.466170321897457
918,19,2.438708619302359
919,29,31.999492554935927
921,29,18.68202282937929
927,24,22.576373960752264
947,28,23.034607136935048
949,24,16.01108219557211
955,22,37.37034095568474
958,21,14.476382521828093
962,21,7.8669848184497395
967,28,24.63978740197699
972,24,18.475090818559725
993,28,22.4561717357562
994,26,37.450051207248606
1001,19,3.0785359768262484
1003,26,15.062854215968578
1005,20,0.6113004098380248
1012,24,38.70010081573636
1017,22,16.372280126466585
1020,26,33.71684035807275
1023,24,23.065688046119515
1028,28,26.934528269204986
1037,22,13.174170647557936
1051,20,30.39269464172458
1056,27,7.6453132870876575
1069,22,22.751032412861065
1071,20,4.430847191057998
1080,29,37.00733771687098
1087,21,5.910107125226279
1096,23,7.027955852310468
1104,21,37.50878108402271
1106,19,4.942799862773323
1113,26,25.568649142558456
1116,26,17.23661803403053
1117,23,33.561487008422986
1118,27,18.15635764939172
1131,27,24.175768930989094
1139,26,2.544255096364741
1140,27,10.677608245463516
1144,26,11.909645960534816
1159,21,4.403906738919378
1168,19,36.03860106690493
1172,20,3.0600746910413448
1174,26,1.7812378335838592
1179,21,0.766323563496284
1181,25,21.49292323259892
1192,26,1.7993358335920036
1211,20,10.31088367486464
1214,28,17.861147405977096
1222,27,20.18306430330767
1224,18,22.58338899851588
1228,26,4.919331306211081
1238,19,28.46410675447079
1239,21,11.492969690948192
1241,23,16.196674300718144
1242,21,31.34401732593222
1246,22,36.94839409322009
1248,21,1.2125600553826372
1252,27,19.19776891466352
1253,21,39.95424591022534
1261,22,17.147436062901836
1267,23,27.44141727286477
1270,20,5.857691883996253
1277,20,2.129412907794305
1282,23,33.62211712122113
1299,19,17.81178117261851
1300,18,25.33290185123959
1305,19,34.289233723643505
1307,26,19.84641649765616
1310,29,29.865410519886048
1313,19,25.53512080071432
1318,29,7.223670508565996
1319,25,8.954281317257875
1321,27,15.923044679683647
1324,25,33.49605849267985
1328,27,28.80125529055569
1329,22,14.224718534746115
1332,29,12.178029526753408
1333,25,20.3662790482188
1334,19,6.93014827783254
1337,22,5.288429242093087
1342,21,35.32613505379121
1345,25,36.90364077241086
1346,27,30.657203558151675
1349,29,37.95065666281399
1361,20,23.426482931110787
1365,28,25.42325817836311
1371,21,4.749746396296061
1374,19,13.958924448671624
1378,28,21.44130697255008
1379,24,23.665873395942864
1380,27,37.87539870025416
1385,24,23.10050739602116
1390,29,12.783177538867545
1391,24,30.55384839750968
1392,20,25.889353914984262
1395,21,38.5420673061008
1399,29,30.832772200617736
1401,22,24.146231559188863
1410,26,11.470206008136929
1411,27,36.82181256865451
1415,26,18.246819187715403
1423,27,21.53313191739883
1425,29,27.107299226592648
1430,24,35.11156496481768
1435,19,20.55598938623408
1437,27,13.526187000722611
1443,25,7.578130991853633
1446,18,19.74950778894347
1449,26,14.366713509503676
1458,21,17.82469059313337
1464,29,2.017479134280981
1466,23,24.20509902836769
1468,28,1.980332257539459
1479,19,19.18478074267251
1480,20,10.947356223598604
1486,24,36.07524969176202
1493,27,20.19570940998856
1506,18,28.76043726170776
1507,29,1.6277106528242906
1513,21,16.154110144748078
1521,21,36.91148144570846
1523,19,0.3733803978178357
1527,21,7.483037078599197
1529,21,17.44809228598158
1533,19,22.776646407031503
1536,27,18.09286927852061
1553,23,29.41131783640775
1555,26,33.30756351784569
1559,28,11.693598174562444
1562,23,18.040345455832853
1581,27,39.453132965393145
1582,29,19.319192080419768
1584,19,11.419130244407798
1592,19,7.734836087553599
1594,27,22.56119385479129
1598,22,3.6714358399735607
1599,20,2.7939927020302133
1603,19,17.793340920548392
1614,25,12.93239541289224
1615,24,38.557396114005705
1616,26,23.8210285280727
1622,18,4.951847593531521
1625,23,17.19250416635396
1630,27,1.5172859278590844
1632,26,16.259000873881863
1633,26,33.25355376277691
1642,24,11.85799930722072
1644,21,18.127113075564665
1645,24,18.816708264373563
1650,19,25.83675052990298
1652,18,20.471127264006604
1653,18,36.80871362671007
1660,22,8.228993857876102
1661,25,5.469401855197472
1664,21,32.375040614008746
1666,22,37.94985015892936
1675,19,35.97290318334081
1676,21,9.121639580823109
1678,28,38.40576205765713
1683,18,0.802784617297024
1685,29,27.534633231632185
1689,25,4.527808636285663
1698,23,37.840156369252426
1699,29,1.7028805463532126
1702,20,4.68760380975228
1709,27,9.755812785574022
1710,19,30.55141089354633
1711,20,34.97457318783158
1712,26,16.251864506075584
1713,27,24.84792249881033
1723,27,9.362736510427156
1730,20,17.98588662372941
1731,18,34.360852136073284
1737,21,12.465224637456766
1743,21,9.17015251727045
1745,26,19.9254586014194
1747,25,4.991686510426318
1772,27,11.904887953610864
1782,29,19.12821890161281
1785,22,19.29943540191472
1786,21,27.88191039432626
1792,20,25.03033456657746
1794,19,11.268357598448413
1800,28,30.20272220590265
1801,19,15.250310349536344
1802,20,35.74644702045207
1804,21,24.620495128136675
1806,19,1.4633273023073012
1813,29,24.22203532061154
1820,24,31.63913434150325
1831,27,30.514770001632687
1837,23,1.264085414362562
1840,19,2.9339259398279967
1851,18,0.1430597056547134
1862,21,36.57152859480748
1864,27,24.048228355608
1866,27,11.6932484408161
1868,22,5.436516772445426
1873,26,22.204868892170687
1887,24,8.061863882132725
1888,23,39.08619353918574
1889,22,30.808483108518203
1899,29,34.75000651461133
1902,28,16.689206802109144
1908,25,32.97213470051885
1914,20,9.38489471393777
1921,21,36.255135030436456
1936,19,26.1421366210234
1943,25,5.332952948152851
1949,19,8.976344331818163
1965,20,19.85900533819383
1969,20,20.182707306894688
1971,27,3.146585313763208
1979,26,27.07038322862453
1983,25,36.90412347158359
1994,26,3.548044553086376
1995,24,2.637022608204219
2003,28,21.957620778818363
2005,28,13.788726453019112
2006,21,23.35478109709275
2007,28,33.671088617465976
2009,22,27.17780302110309
2016,23,23.93682853560696
2024,29,9.86497460969663
2025,27,5.714438939519066
2034,28,17.016576077703203
2049,21,31.29530527678923
2050,19,32.89650117473512
2054,21,27.09479458511147
2057,24,4.76916040404567
2062,29,8.356908701047473
2064,25,36.2700105712148
2066,26,17.413506691477746
2075,18,1.1296399434826505
2077,27,29.08425152674499
2079,29,28.32598453366948
2085,22,12.35405430036246
2086,20,34.97974459725723
2093,22,28.082399583601536
2094,24,31.21190811724436
2096,24,21.288701868429943
2104,24,31.13092139560176
2108,29,28.929317961746627
2112,28,15.84451929823904
2113,29,1.7369278662582297
2115,19,38.60983296261477
2118,21,34.03862769555967
2119,21,27.443380056585948
2123,24,6.619589996468498
2124,18,15.897139076362537
2125,27,35.7897788322796
2127,25,35.1584018096433
2135,22,16.32722120328627
2139,23,2.602211297254794
2149,18,36.52365426222154
2150,25,23.023873595987418
2154,25,13.181373681363285
2156,28,30.99004147651569
2161,27,14.19608651344816
2163,29,2.898347458676454
2166,28,2.014221741446798
2180,27,31.135071854715047
2184,18,12.871984650657536
2185,29,1.54231199703098
2186,20,13.390848689635508
2189,18,30.244305614104697
2196,22,3.814575590216464
2197,19,32.594566201669245
2198,18,4.083744408673452
2207,21,16.72253199439342
2209,20,14.530727471205378
2211,22,2.549475265819288
2214,26,3.2474711877162568
2219,18,36.75429309245246
2222,22,34.70227066780162
2223,21,25.038087672013862
2229,21,20.631014239097308
2231,26,26.105477311303463
2234,26,33.31617132594355
2236,27,12.215785475005656
2242,24,32.454603874197545
2246,21,17.30760382989441
2248,25,29.27017128587209
2257,18,32.06170228326541
2261,22,15.735866485580248
2263,26,16.18106502366469
2268,29,10.19091452911734
2270,26,25.525360119848138
2274,27,23.582679340351703
2289,20,39.87482932662564
2295,25,24.665638909413648
2305,22,32.91169803435647
2309,20,18.45247992517745
2310,22,17.352020436569926
2317,25,28.743127776167835
2324,24,38.72696381615199
2327,24,24.605863442789875
2336,27,9.747714490049786
2337,18,8.638305623919711
2338,21,25.95411378714624
2344,22,26.058386095857312
2352,23,31.72029208581552
2355,27,36.94851307029017
2359,24,11.75353886481626
2363,29,6.054745701581343
2369,28,21.79188945439715
2373,25,7.043887639605894
2376,28,19.1897672439169
2381,24,34.21015896509978
2394,26,26.63695719291379
2397,27,23.354358407649432
2399,23,14.213022592032171
2403,22,0.6189852109170567
2409,27,39.9948937789657
2417,20,1.2539308647157474
2419,21,14.206029441576986
2421,26,0.6596512472630456
2424,20,24.883221694848743
2426,20,27.58408453902777
2430,26,2.874739177251856
2433,29,23.219593837024505
2435,25,19.85740600675612
2438,21,13.98553174873174
2446,24,6.448021040278704
2451,24,33.05797677493379
2458,26,36.225126522169056
2469,25,25.025000275219785
2472,28,4.866355671978981
2476,23,27.25110399030753
2482,22,0.5882052080626611
2486,25,3.118037483653916
2488,18,33.889673766783055
2491,26,19.52257888163137
2500,20,16.567857002536154
2501,25,16.462656685649854
2503,28,1.3627047745882366
2505,26,22.622308823834977
2509,19,35.316466082242925
2510,23,17.968067954956876
2512,19,15.661233500850589
2517,21,23.886683007413698
2521,25,11.712283528924974
2525,27,25.58733175561036
2527,21,13.115767535489596
2529,29,27.415189166292823
2535,19,37.10450220540691
2536,24,10.374018255654578
2543,18,4.988336198424734
2545,29,16.551159874738556
2551,19,39.00232860278321
2554,18,19.052305272227688
2565,29,7.834616984574608
2588,29,21.621578360130503
2591,26,26.28474501984415
2594,29,9.715479191360274
2604,29,17.88377262866848
2606,23,9.04821660641188
2607,24,39.15127207944204
2612,19,2.130143289715732
2632,26,2.109168538647172
2639,22,4.481582879926058
2640,18,20.61123852933315
2642,22,27.05502986248494
2650,22,26.369181628617504
2651,20,5.377791665946316
2655,20,36.81632216927186
2659,21,10.735000756456763
2668,27,21.925587206452427
2674,22,34.60711193445315
2677,28,36.37050089235344
2682,20,16.250220506966585
2684,24,24.586075938967603
2691,23,9.310409892924453
2692,20,19.11022682388136
2694,22,12.727926759666962
2705,29,12.331362562836649
2707,22,32.94132359057466
2712,19,10.869197628537924
2720,18,24.66062533258612
2726,21,26.08492963673233
2733,29,26.58412128502728
2738,27,18.560679472213245
2749,20,25.820618518644284
2753,23,5.00756120641145
2767,18,35.28052573649802
2768,20,37.185497646226665
2771,25,15.798890946959068
2776,21,38.5445980352224
2785,26,28.66281123420664
2786,21,26.58452502651035
2789,23,36.61218377687107
2790,23,6.595367796631586
2801,26,38.977524258786026
2802,21,0.9152804155990978
2812,27,21.655639393485124
2816,22,10.115257688110498
2817,19,6.093755608583382
2818,18,13.996365816722998
2822,26,13.70670570153011
2823,29,33.81822605169928
2828,26,6.390350965868719
2839,26,13.924259979550554
2844,28,39.26398910311429
2853,23,14.25861158036279
2857,22,29.68901142354488
2879,29,39.60054892822092
2894,22,1.2456959083684531
2897,21,26.68624476567094
2902,21,16.108193223823278
2904,29,11.450476566442566
2912,19,25.1171713971851
2914,25,8.622270582787966
2916,28,24.989494864433464
2921,27,0.5402802825198108
2930,22,2.0078009402886847
2931,27,33.753796136610084
2938,22,7.940092860417576
2947,26,23.58498572578401
2956,19,2.689928928847425
2966,18,20.094911191189905
2968,29,5.252238124333772
2969,29,19.17843284272527
2971,19,37.676146534803735
2974,20,21.595357700376
2984,20,27.033892673684147
2994,28,2.4562611155351
2997,22,30.46403750636158
3006,27,15.815769017672489
3008,18,39.991024406146224
3010,26,19.383418127254654
3013,23,37.02324160111671
3018,25,10.74376650970008
3026,24,8.949322119983407
3028,24,36.9591229302558
3030,23,6.606807305844214
3045,18,3.089090677601353
3046,20,36.26823212320241
3051,28,3.1942613697951394
3053,22,8.27580487825859
3061,21,16.517339305682853
3063,20,5.551832564107653
3070,28,8.783618695318
3074,18,31.948513905002656
3075,18,30.41902273578492
3077,25,29.385648108745
3079,26,7.892125397710962
3090,28,24.220390882031392
3095,20,13.716455329868122
3099,25,7.945415484633762
3108,29,27.307907991772296
3120,23,0.3896438261409101
3124,28,26.66551129211852
3132,18,39.20108043839698
3138,27,37.56819526698504
3139,19,35.16541653645398
3141,25,20.2445257521935
3144,27,13.033089981190887
3149,24,2.74693420095828
3153,23,22.9333823067989
3154,23,30.67722764517532
3164,20,7.874669204792729
3172,22,9.866442479048128
3178,24,31.924848521434058
3180,27,3.1536738829506983
3193,22,0.7896947258810798
3194,21,8.500980440116235
3196,25,21.48448524624601
3205,27,28.751230247380512
3206,19,32.40084622717919
3209,18,30.68417598655835
3227,20,21.2128339194502
3228,26,30.557201970907165
3229,21,26.154269080996173
3236,26,1.3693159772122852
3237,29,18.254504736727235
3243,23,15.30903383146352
3248,23,5.007001642569692
3258,23,4.818492500210612
3259,21,14.767717707935596
3261,24,30.69035660747702
3264,28,35.19092026906971
3265,26,18.886900325171425
3269,24,35.34595085446279
3285,25,7.576634357370122
3296,29,0.6393263820033994
3302,29,33.03570376949587
3307,25,27.04550693506035
3316,20,2.5216279438756364
3317,20,23.33135407587248
3325,25,36.45037757475401
3326,24,8.437307697520012
3327,19,14.175781509697622
3328,28,1.4947451258393778
3335,19,26.7587673569431
3336,28,12.059365285560952
3345,23,19.47709675956545
3350,19,8.604121318892519
3351,25,7.971552353460837
3352,20,22.98333639295565
3356,19,28.42180065783892
3359,26,28.88983962187639
3366,20,37.39892518752032
3367,24,5.995987020605949
3372,27,29.49416928750067
3373,28,33.98081193300056
3374,24,25.55052416773595
3379,22,14.935817440476562
3380,21,12.991828153805455
3388,22,3.407359144598633
3396,21,39.45644754157546
3398,23,34.6216763177102
3399,20,24.7732400072805
3401,27,15.349851991080936
3405,24,37.00724135107564
3409,28,6.5663668245885605
3419,21,12.572065013074564
3421,29,39.16158389240604
3422,18,36.78238340657923
3423,26,28.99738890473012
3425,25,4.758938788040582
3440,24,20.33368964213664
3443,23,25.14730098033989
3444,19,27.74188996470033
3453,23,39.82656598899951
3459,20,10.1331390093551
3462,22,34.83997896543926
3464,18,20.516440352726327
3466,26,12.87526982871494
3467,18,11.61204783841979
3470,26,2.5126941650164745
3475,21,30.970532514194108
3478,18,7.843006659914485
3479,23,6.231868135848004
3480,20,15.76455385367844
3484,22,16.130886073614253
3490,28,36.15067685740118
3495,23,17.099628196744074
3499,20,10.60807667304502
3503,27,5.84642965233041
3513,18,2.4200243178454737
3514,19,26.36638260708912
3515,19,29.521640646294635
3525,18,39.04230995049888
3528,23,15.098049690326423
3533,28,28.63569283133757
3537,22,20.86273160581538
3547,26,4.906092058391752
3551,29,14.581168814264164
3563,19,36.771379136086296
3570,29,13.172805219719208
3580,24,39.13159289600224
3584,28,22.77177784826815
3585,18,26.540193175548616
3597,22,25.117192769023376
3603,18,21.88406872026531
3609,27,8.617387519802428
3612,27,2.83025819077563
3618,26,23.86184394969616
3620,18,28.985980103657432
3624,22,12.971813488743896
3626,22,15.44649017387123
3634,18,39.78311547961773
3640,22,23.935613755497933
3642,20,20.159748685848232
3643,23,18.46083426981849
3645,28,18.19564329090235
3648,22,4.6087950200738295
3651,21,10.584721091669854
3657,25,1.986782407405376
3666,22,29.778946020147924
3671,18,32.744411704483845
3673,21,38.75212640607128
3676,20,4.723857520510227
3685,23,14.044306970519871
3694,27,9.87513836422543
3695,26,33.47738994295808
3700,23,2.556703554322516
3708,23,26.17215294287217
3713,27,3.8487356013515295
3722,28,3.3718413078277525
3725,28,30.24728286589308
3738,27,9.8325418434712
3763,18,6.269151269014098
3772,18,19.34418625847162
3775,20,2.6521655117021936
3786,29,23.46670146716336
3787,23,2.216673731297381
3788,19,24.51364547640926
3798,18,29.9809485296523
3799,19,20.00440794252888
3800,25,26.82802670237732
3802,29,10.708093722913304
3809,20,12.495361798242133
3810,21,32.89009914383279
3811,18,36.74045350073968
3812,26,15.986604443119507
3813,23,33.2191752643331
3830,25,37.44026200712209
3834,21,5.03489349948832
3843,20,12.569413608096916
3845,19,38.013711448794986
3847,23,14.165869197533794
3849,29,25.316404143971084
3861,26,30.638216832817392
3863,20,27.37567308993292
3864,20,24.137632849870524
3867,23,2.007310450960088
3868,20,0.1591108046816436
3872,21,29.4886619470974
3873,29,13.98027494596743
3874,28,18.460713137219987
3882,22,32.3673815461158
3883,25,2.133773560073425
3885,25,27.495841172690987
3892,27,21.000317971052567
3905,21,30.637535011085188
3907,19,36.13473442791743
3909,25,20.984456295825787
3910,21,36.42014308171622
3916,28,3.072838201317189
3918,25,30.716760878301606
3927,19,8.521561370177766
3928,24,12.363020399879051
3935,21,6.81494692516627
3936,26,5.092988758872605
3944,27,28.213121156550542
3949,19,35.702030794263216
3954,25,14.425679305165884
3959,21,38.41524681433168
3963,24,4.611079874530413
3968,24,34.743900635315825
3969,18,13.130153445492036
3972,23,25.348301661823747
3974,20,24.33427633984704
3976,29,22.22945706913034
3979,29,2.946648328983332
3981,25,8.388581767636888
3986,26,34.940859069257414
3990,29,4.074267666165596
4002,20,23.252376850635173
4004,21,1.9968985989010324
4009,28,19.533150722488266
4010,23,39.894773959446624
4018,27,29.77954339559076
4024,18,29.016068546887347
4034,21,9.432075475054372
4043,25,20.517165004450305
4048,18,39.399466196761566
4049,29,7.565140351337841
4053,19,39.739382234625495
4054,24,31.37256231145872
4061,21,24.6671637515178
4064,29,3.829131165278444
4066,26,24.88709509525427
4070,20,27.651021901930424
4071,18,22.12572880330853
4072,26,4.984661432534263
4075,29,10.64041125406714
4079,29,30.734609969479617
4082,27,14.476278504591916
4085,27,1.2915846959550583
4086,27,14.771642518297725
4088,23,15.472685863750447
4090,24,30.02793001996824
4093,19,14.034511522175052
4094,22,29.59958625295452
4099,29,3.784314224416975
4108,23,36.71683825970201
4110,29,13.585405944413028
4112,27,31.99397256265157
4119,19,22.703745187018523
4128,19,20.338732197102924
4133,24,25.216951454267857
4134,25,4.112437574322779
4135,18,39.433689432821325
4137,20,36.78826211153158
4142,27,15.77851589340444
4144,23,36.92550160030129
4149,20,20.11877896573516
4157,21,39.17961071170208
4158,29,23.604295345483767
4186,28,34.7198689792076
4199,18,2.9802750041149406
4200,27,20.0676898380568
4201,23,15.372816074111292
4207,29,29.85562012179053
4208,26,11.221927091215504
4213,24,33.18446300369009
4218,27,3.868620938288994
4221,18,1.8105096388656483
4228,19,31.86924984820224
4229,22,39.82385592328113
4232,24,13.493444101496031
4234,21,15.7997558029372
4236,24,14.448969378165712
4242,29,2.711802046769032
4243,21,39.43816525163236
4244,29,38.25330867257671
4253,25,28.48097279920331
4260,20,32.450432550001445
4261,24,1.1195399638236532
4262,27,32.958828653934695
4265,29,38.889680050106605
4273,25,36.3574055994997
4274,18,22.251744600926955
4286,29,1.1847551291943728
4291,28,33.048460567595775
4292,26,2.2341659354980927
4293,20,5.730010378343037
4298,22,23.295410512324413
4300,27,27.554443734964146
4312,20,6.739232211050399
4314,27,1.3581926861113174
4316,28,20.129557305144207
4317,27,3.02713632791231
4318,28,23.904317590969104
4328,24,39.73895843244024
4330,19,0.5217972679074435
4332,23,25.449965890158104
4333,26,12.833517696383954
4334,22,25.73267163929433
4343,19,6.071291874778593
4346,29,1.4421352557459564
4348,26,20.944956742636663
4349,23,31.637615838859585
4352,29,3.056778505053319
4353,28,11.719846862480528
4354,28,35.072814214908945
4356,21,2.024619626704834
4371,28,2.076064336793676
4376,22,4.431143790867988
4379,29,16.724452869849404
4388,26,1.2945413163020236
4391,23,14.084737656756523
4395,22,27.446348841142868
4396,29,18.056939084676863
4402,20,32.16557816855653
4403,19,32.32645618137316
4406,25,29.115381224704034
4412,26,38.7225142347348
4417,21,6.709735715541283
4418,22,22.218268263470936
4429,22,13.702231531039743
4430,22,22.06670740488993
4435,28,34.379684544033395
4450,23,20.808665143460843
4453,29,7.832093058798593
4472,29,29.79068243205064
4474,29,8.0554655326445
4475,21,36.26254851952992
4479,25,0.1187473674709508
4480,25,9.421792698883593
4484,18,21.47569916140074
4497,18,0.5932649520144992
4500,29,28.557436611089123
4501,20,27.17520614999032
4507,26,13.751980939305056
4510,20,21.46148111590721
4519,20,11.783624667648528
4522,18,38.35363292950764
4524,26,22.890242153601424
4525,25,28.442977439470123
4528,29,4.3750131454565295
4530,21,5.009073730354394
4533,27,25.56559095936248
4540,22,26.414184935057104
4556,29,36.76961093267904
4570,25,3.0294864997925792
4571,24,7.647243208236323
4585,20,17.152646282443317
4593,18,24.597942596250192
4618,21,9.6818587499311
4619,22,5.92215170932001
4622,21,15.458711064245852
4624,27,18.48007836667504
4627,25,25.254880275052702
4639,20,3.715310178283016
4641,20,33.134045909973864
4649,27,33.462017404346255
4650,29,25.01315773754898
4654,27,1.0682197276204932
4656,23,24.17745111413569
4657,24,6.285277317550439
4663,24,15.371425745063023
4664,28,22.471202919528373
4665,26,21.86287576884104
4666,27,11.53931087137926
4676,18,5.705853384078367
4679,25,19.648176172646608
4681,29,28.8236422798464
4683,27,26.467667518126785
4693,18,11.915527621306564
4698,25,10.075396057556787
4703,22,1.9544773267956697
4704,23,26.96691510976796
4715,21,25.29165982538358
4724,26,22.400308562404927
4734,29,20.58818300605527
4738,22,36.42637835514138
4744,20,5.331590312935059
4747,29,7.276271668231578
4749,22,13.433995320401054
4750,26,8.022276223818476
4753,18,37.74435225478972
4761,20,26.32756597343026
4778,18,20.041199166993547
4787,28,16.224197607087486
4788,27,17.187566472261793
4793,24,25.614132548874068
4795,29,33.12896234430541
4799,22,23.86114167060549
4804,23,11.208088033424064
4811,19,17.166386130611258
4813,29,16.441637894374985
4823,21,26.3772239233806
4824,24,19.29689040237469
4825,18,16.458959056454034
4837,21,33.17156433529664
4841,22,13.764593478810331
4843,23,1.1290928401820486
4844,18,0.3889795424666989
4846,26,37.13883429011204
4852,24,11.788160568278276
4857,24,26.29427954776132
4866,27,0.2123288494814713
4882,19,34.13772716090574
4889,23,12.927446986008798
4891,25,32.136020587968865
4893,18,32.68726394875392
4894,23,13.87293454463897
4903,27,28.30500644129964
4912,22,11.660585307877833
4913,23,36.33567685331062
4918,19,15.55713404553866
4924,23,12.206443715063337
4929,29,8.430542429479194
4931,24,24.20219495220068
4932,22,37.15727470952789
4937,18,38.14040608476415
4942,29,21.706353370921537
4948,26,25.86796151808277
4954,25,19.238460242675004
4964,29,5.58137578475281
4974,29,27.43197252527379
4980,19,26.030680623993973
4985,23,11.060918323352508
4989,23,15.505365219787215
4992,21,5.983030642190235
4998,29,33.83940668490741
5000,21,34.195167481974615
5003,29,29.476023087875586
5006,26,0.4212240289012582
5009,22,31.635425153078785
5011,26,32.418323797000376
5016,26,12.959120262332236
5017,21,4.839452603956912
5022,19,30.59009920082984
5023,19,36.80006119740192
5024,19,17.507429967716547
5026,27,27.254196486611605
5042,24,7.702413618777953
5044,27,6.664435157284244
5050,19,7.491067848698717
5053,22,0.3395370003940048
5070,21,0.1948136293801405
5077,21,1.3400333814555012
5081,19,4.20463401696796
5082,18,3.3157875811484887
5087,21,5.771137562542736
5089,28,22.58341536525308
5095,20,24.441215063565668
5108,29,16.38952298122949
5111,19,39.895298270443085
5113,24,33.50616802544552
5114,18,25.850812207359628
5117,28,10.142658246179993
5119,21,23.67442417120408
5124,27,28.601718257420885
5127,26,21.01203256263848
5134,22,5.504230387393651
5137,28,6.137489625873985
5142,22,31.100944475626708
5143,29,31.60394478321358
5149,28,17.213276473704756
5152,23,3.789139173275046
5154,28,22.5351518897045
5157,21,3.40594560065242
5159,18,27.59833691710125
5181,28,22.660930822306216
5182,21,24.858148870428955
5192,27,3.616483562033749
5197,19,5.0603731635383165
5205,18,5.298877192063345
5211,19,3.6950757345925305
5213,29,19.03652855039676
5217,23,7.464832670587457
5221,24,38.2636383069372
5229,19,18.86292659944052
5231,27,37.75765157246685
5234,26,32.658387160762715
5239,22,20.534729262877526
5256,19,37.54968800074431
5262,20,31.41425483040106
5283,22,31.466987000718685
5286,29,37.16935659559
5290,26,29.56680111410866
5291,25,32.55283562148979
5295,28,17.690286284860086
5297,18,22.7537381234608
5298,26,0.149781770662317
5304,27,33.11631969832928
5306,28,20.08567352113334
5307,19,32.58552772950052
5309,21,27.54819435694809
5312,27,8.620355847923737
5313,22,29.71381957243519
5316,24,32.73800939360412
5317,20,3.5861876426868924
5318,19,34.477807608469845
5325,20,31.65036635185174
5332,26,37.59896257658424
5335,19,28.74977629121169
5358,23,19.46748657123824
5370,27,8.783956511822339
5390,21,33.84551726896262
5396,21,21.218751352200293
5402,27,26.806064478906745
5404,19,36.93334198400533
5409,21,2.038191750565311
5415,28,12.498548420831051
5422,22,35.58181150394458
5425,24,0.3232534008540788
5436,19,22.913312280551185
5440,27,16.407758846456247
5442,23,23.44114566805865
5450,27,0.1433299470386567
5456,22,3.026444865413524
5457,19,30.45374989003916
5458,18,34.6111517104798
5460,22,5.907118193455541
5472,22,4.653289992604855
5478,26,27.98626438434302
5483,28,27.150460544756648
5487,26,3.509230218211177
5490,23,31.851269377538447
5498,21,31.332420886279262
5513,25,32.62990122005389
5515,21,5.092306062371109
5523,24,29.513756247954564
5535,18,9.7951710932502
5541,27,21.68955568310032
5543,20,35.521273808203595
5546,27,31.91959708516362
5547,29,0.3084894745849428
5551,29,39.17943048989152
5553,29,36.37531060854108
5554,29,16.648699853348983
5556,23,15.161485408075723
5560,21,3.072857319724701
5561,28,22.859860646192008
5564,25,5.020650846463287
5577,20,9.987443922870908
5581,21,20.063656983208944
5583,22,20.788152827223843
5585,28,29.806368624100063
5588,28,32.88394916467344
5593,18,9.428361720875582
5597,20,7.441211368589953
5598,29,27.91860169078517
5606,21,20.2456071811944
5608,25,18.927857135129287
5611,29,37.57722341413506
5612,23,36.50247005519924
5614,29,11.218297739187951
5620,18,22.534061105267472
5623,29,14.032563501179023
5627,22,8.039163597145919
5628,29,29.599484814620283
5629,24,22.53294275057452
5636,24,38.44749619778133
5639,29,5.789275547884002
5645,26,21.360234170172617
5650,27,37.51724364760128
5651,24,9.6631133108233
5654,20,34.55731276457616
5656,27,25.464733167341144
5664,26,27.46784037879002
5674,20,8.719524391562384
5680,28,28.18662119934988
5699,24,10.11808402694391
5704,28,30.80243369319306
5713,24,7.00594645818296
5714,28,28.20416861767076
5720,20,26.068744453346586
5721,20,27.708646587700468
5722,23,14.002721184028818
5724,18,9.650404671443102
5730,29,29.6206923387324
5739,28,18.8641183118611
5744,20,38.373183584598735
5745,18,36.422600260184026
5746,24,28.36373725287307
5759,24,34.6789558947024
5760,20,29.931446818926283
5766,20,15.435414960213652
5767,20,38.79742362130159
5774,26,13.55574317723794
5786,26,7.184030392984329
5790,24,17.279871741489593
5804,29,11.363515561670182
5808,22,27.618094988279253
5812,29,1.987640893052513
5818,19,39.65208121307491
5826,18,37.68964044065447
5828,26,3.9877669605878703
5834,26,39.59267676977382
5837,25,23.65526792755654
5842,27,21.287873718353943
5846,27,21.29469110668823
5853,26,21.910773750674046
5855,25,20.19170699468745
5856,18,27.307865146228448
5863,20,6.340440728486894
5864,24,22.323327386173403
5865,22,16.4082790390943
5875,21,25.320146587373927
5880,27,0.821931145502699
5886,19,19.114973256214075
5888,23,26.090491063676367
5890,18,2.2041332249089205
5894,25,14.578568743672475
5896,18,23.571328751575244
5906,29,14.212816392034274
5918,23,9.833985602159231
5928,28,15.967384634729523
5931,27,28.49064850169792
5932,26,9.106662953698626
5936,24,29.767851544107312
5944,19,24.02265664588424
5949,24,33.752343300006864
5952,29,30.16216485780174
5962,26,20.68461061032202
5969,19,38.00794836037733
5982,26,20.45643115974782
5989,29,9.84744489744292
5995,26,35.03404439682872
6000,28,9.656812176555594
6003,19,25.91289372259345
6004,20,24.33971788733029
6005,28,17.735808894482744
6011,27,36.75132962030207
6016,27,19.69134305533104
6019,22,29.446590781910224
6032,23,22.713583273133388
6034,20,26.524582125013016
6037,19,35.18212459527223
6052,28,23.080388964334464
6061,27,16.063338877828315
6063,20,14.318320556612122
6069,26,31.066817446330457
6078,21,20.965265786106507
6096,25,13.380331459059764
6097,28,35.392628232141206
6103,24,11.240400011769989
6106,22,21.67667949951394
6107,19,35.97763341070653
6125,28,15.961167434292838
6126,18,21.67854963996471
6127,29,4.702862817525793
6130,19,10.028064670077791
6131,27,32.12604360397721
6132,28,37.68037828086173
6137,21,25.42101797192293
6139,24,31.36987233967135
6142,21,1.5231249627955816
6148,21,33.97869542442058
6150,25,3.771606050912732
6153,23,4.538048446960707
6155,25,37.4722235680059
6156,27,25.60639553643297
6157,24,19.96130954186845
6164,18,15.4728606262529
6167,20,20.408317489443327
6171,24,23.072229333625845
6175,21,1.206403256995786
6177,24,37.53624226654993
6181,26,5.235750301016073
6183,28,17.194424333104482
6193,19,12.853766200592537
6200,23,9.693919303147554
6207,23,9.245704278849471
6208,23,21.28652469888834
6218,29,18.69822477263282
6221,21,31.65431860273414
6231,25,23.31599872220141
6241,25,31.58816997669585
6247,22,37.978769205889
6248,28,8.584494342976418
6252,24,12.534318620357135
6259,25,16.186178254467013
6260,18,34.031380912363474
6270,28,33.68909006513467
6275,20,24.8378343544292
6280,25,20.839080232505605
6284,24,22.126383829827688
6288,18,6.0512932901149625
6292,20,39.3261156877531
6298,20,22.990943640418628
6300,27,22.592662727666426
6304,26,29.617001714185125
6311,23,27.39909698467244
6314,18,1.902784144464977
6319,25,25.628482217093232
6324,19,4.600310030824812
6327,20,0.3751097651042346
6334,28,25.98482069327313
6339,25,14.707266310168189
6342,19,0.8869495423775777
6344,23,35.41789539523008
6345,20,18.614867518157013
6346,19,14.84964561227127
6352,23,27.27356433481715
6354,29,2.673905908011813
6355,21,6.100332217955396
6361,20,34.145268716911275
6377,26,15.352499306755895
6380,29,27.393043316265537
6382,26,27.46325980539881
6384,23,10.848371401264403
6390,20,28.59349698932956
6392,21,17.20135700425393
6397,18,18.370219688661727
6399,23,11.01152600397281
6401,18,39.688792729153626
6404,22,3.1842190822821674
6415,19,1.7592577992789924
6433,22,36.85194060428709
6436,29,5.43194089807232
6442,25,1.9930085186638749
6446,28,28.36464644934665
6447,25,35.93185806994278
6456,25,21.68689084085757
6457,28,39.48584208954386
6461,25,6.139877136317848
6463,25,2.9165181881105062
6467,20,31.866691628676065
6473,21,2.9746759471257014
6477,28,5.993938113736922
6478,22,6.837680309186436
6482,24,29.734208155148
6489,22,16.696239457717148
6497,27,38.29528305318068
6501,21,38.72513461816357
6508,21,30.93369212633664
6513,21,38.450820262733714
6517,19,6.558509673990862
6522,23,5.013303644373343
6530,18,35.848296880576406
6536,29,0.8917284454251505
6545,19,16.223826955643784
6548,29,22.43292516889944
6569,27,0.5507731040296837
6581,25,38.775889276820216
6583,26,15.509192906871698
6589,28,37.59093534395437
6601,27,2.794066537006434
6607,20,34.358073878574146
6614,25,15.54293048413521
6616,29,5.033316512446135
6622,27,10.113511831903702
6626,21,18.73896613538909
6627,21,34.223766501419206
6631,21,18.31702689423984
6639,27,25.970843963579604
6648,26,6.522146256473232
6649,23,27.655774193483253
6650,25,26.852284521444627
6662,25,10.93343254481217
6666,28,1.419781266331113
6669,25,20.542977245435296
6674,23,11.404406456912067
6677,25,12.887080314139885
6681,24,0.6690900921010744
6687,24,20.629394600973825
6694,23,23.219523562178463
6697,19,29.201447523439064
6701,20,28.303779817785493
6705,22,25.746197536111463
6706,22,39.26528277228308
6708,24,19.25856648542227
6709,18,3.796800930893778
6715,28,2.0545583103478524
6716,20,19.061291973863906
6727,26,13.596004707469191
6730,22,2.7957429113387056
6732,18,38.22713859760484
6735,18,34.765619055988985
6736,24,20.72847558906975
6738,24,14.755126218508384
6741,24,7.3655776165598335
6747,20,4.216689758060277
6751,21,22.30827711912673
6759,25,15.240081772909472
6763,21,12.554289993198386
6766,24,22.62866984843425
6767,20,23.075036675823647
6770,18,13.164923318830413
6774,20,0.4673309254748703
6777,19,29.97199634737102
6782,21,23.48449050405426
6785,19,21.043968399069463
6789,18,10.37009558317045
6790,28,32.29655000917818
6791,21,11.015287758610349
6792,29,6.19053791180822
6796,28,25.11024079115604
6799,25,29.698596453148834
6803,25,27.87116611627728
6804,19,9.47810042824338
6805,18,14.84973248915812
6808,23,9.631433908234866
6819,29,0.8489463406657534
6823,24,23.04713470545883
6825,23,6.2908700360652
6829,29,3.633598180927669
6840,20,8.565312664576625
6842,25,1.1991812412562526
6843,27,37.31080156871394
6846,26,19.511930212930142
6862,18,15.503288334234892
6872,19,15.934370163578365
6879,18,5.603471990699848
6888,25,26.70366101481545
6891,18,3.8525648989328665
6892,28,28.34003290354285
6895,29,20.18400280953363
6897,29,16.189456272853658
6903,21,11.951917084405686
6905,19,5.960466009795844
6914,19,38.778959223676814
6916,27,23.43665537739896
6919,19,32.78197339736927
6922,20,19.090309111130026
6923,20,22.85517080259362
6936,25,12.529861646900116
6937,20,25.360531641175506
6939,23,6.206179648883645
6940,26,26.720302777249607
6944,24,3.74485255160637
6946,22,14.71533915518381
6951,27,12.679943873300727
6961,25,32.9870363488189
6969,19,39.99215228590847
6972,22,16.472144952195595
6975,22,20.93201984373866
6978,24,18.650415954697014
6979,22,2.5141829412023613
6982,29,34.717950021682974
6983,28,26.241455621788525
6984,19,4.243855914887993
6992,28,20.003499764993894
6997,28,11.332285931552216
7005,18,6.710405582044493
7020,18,11.030255083329193
7021,27,29.472039433259173
7022,22,37.59568629227904
7030,23,27.93644123406484
7038,22,26.534405256995647
7046,18,26.848512878077827
7049,26,25.97609933732138
7053,23,38.59686628497668
7059,29,2.4540767716845133
7061,25,14.197250643644598
7064,24,18.022658487879543
7066,26,23.535124216130978
7067,19,0.1911949049177657
7069,25,33.92004866753361
7071,28,20.44345265144952
7072,22,29.125110555922188
7075,20,33.70259111014894
7080,21,36.78481393041032
7084,25,11.930891598371137
7085,21,37.96413593314381
7086,29,0.7983517359218457
7093,20,5.77594896232371
7096,29,21.34462510473324
7101,18,12.153704381343925
7109,23,23.90944608722065
7123,23,21.531054702465337
7127,28,39.03647294738102
7161,21,28.47557598446283
7172,25,1.4444149789004093
7177,23,1.245273264481151
7181,29,24.28359764264001
7188,19,38.66550253524839
7192,29,20.52137439623412
7194,25,13.72446307619425
7195,18,30.41212095565938
7205,27,24.163187508717712
7208,26,28.1161360410274
7226,21,1.392599344922292
7230,27,9.658788714942798
7233,24,13.251284444774951
7241,21,23.32463419064901
7242,26,33.838712185747504
7243,18,7.880611456049253
7250,27,19.261002501322885
7255,24,18.99900094783828
7256,20,21.48268883658416
7258,25,19.64041799771108
7268,26,22.753670150832928
7270,26,32.0610147134849
7278,27,19.04157480913501
7279,21,8.138801417517888
7282,22,2.2646407765360137
7284,28,24.38451996303673
7287,18,39.74006145551213
7292,19,8.310105342366331
7306,26,21.65225371457149
7311,23,18.823256113254605
7319,19,38.92933503070593
7320,21,22.95112678014325
7323,27,6.7997738148324665
7324,29,15.228237731479757
7330,27,35.31085804449093
7335,19,31.8320204477755
7341,29,32.92630055553946
7349,19,37.6930038622726
7356,26,19.57485095783486
7359,27,37.19321145181013
7372,29,35.324534022326645
7378,20,19.08696588398985
7387,25,14.238414044669543
7399,25,33.709478588378055
7400,23,18.128424074457456
7408,25,23.293211971534063
7410,21,32.98121482919013
7418,20,25.622627721551563
7420,20,5.023274333517457
7436,28,12.638092155162534
7438,29,9.693479448862018
7453,24,35.5505750746976
7461,24,10.480141358276327
7466,19,18.65752910393188
7467,25,36.224377786120506
7472,25,19.4799535525446
7474,28,10.792616443114072
7476,18,37.18522929305933
7481,24,5.334606233184175
7488,24,7.853484624956696
7510,29,15.014434822148017
7514,23,1.3168676197639904
7516,28,28.82795389273032
7518,21,24.42753888623957
7519,27,23.28562765197529
7522,19,38.18883388268124
7524,26,11.371053102011606
7525,28,37.49502891157747
7529,26,21.315367908898352
7531,18,1.3508821304513274
7537,27,18.99044278839546
7541,22,1.0431877024787304
7543,24,30.653952817497203
7545,22,29.49005451809529
7546,25,15.987398797304303
7547,23,27.655112758454656
7549,23,10.20677585164374
7551,18,15.717075702660784
7552,29,32.94131610835027
7555,26,28.906478517343057
7556,24,7.597589783192362
7559,18,17.581645597129537
7568,23,5.3003350121122805
7569,22,31.840723667907408
7572,18,34.25500699946409
7575,28,22.714985452022155
7582,24,3.796977038780732
7583,24,13.025059450162644
7589,22,6.217430574089637
7590,28,32.88387312868148
7592,27,0.4888238185301556
7593,26,9.297465619369577
7598,23,16.587436361836307
7601,19,29.28040859420653
7604,27,33.608986449303
7605,18,8.11880421577351
7608,19,36.501674691459456
7626,22,16.12229404491646
7630,27,33.915917003368
7633,27,24.09528784026792
7636,24,10.774926884736791
7638,22,6.379787702490552
7651,26,26.1925527319161
7656,19,35.13857720276099
7665,22,12.487162976674473
7676,18,15.066392421283377
7678,23,23.26387227119575
7679,21,4.565759014220167
7682,25,6.221375149321122
7688,18,3.965837369185589
7692,25,1.086224656659115
7696,29,23.02571935276909
7703,25,15.31335910370104
7705,27,14.929100618895124
7706,22,18.32070899127833
7709,29,10.226923497194788
7720,21,34.3279067080131
7722,23,6.843099627605472
7729,28,15.661045041169457
7735,24,30.24509361629248
7738,20,18.70023448366738
7739,22,36.10391492189687
7740,24,29.13963924392883
7747,21,13.924971593607834
7748,20,16.769118628409803
7749,21,17.70568257517083
7756,28,1.6391509378628295
7757,19,34.31168441878002
7762,22,5.067872044598244
7764,25,17.35829013268213
7770,23,28.88481613560853
7775,19,38.53992932111112
7776,24,27.48564585832308
7779,24,10.159207869701046
7781,20,4.2989092919662735
7785,18,26.183572395017308
7786,26,9.221313749945775
7791,29,4.788200432822508
7792,23,9.097813287324527
7799,21,28.48593322631384
7800,26,9.102855734332442
7804,27,10.846872984480507
7805,18,22.77590770201746
7807,19,35.03923793974364
7809,21,7.713430505853162
7818,24,7.091791248755294
7829,20,11.07348650363175
7832,21,29.935440551748044
7844,20,25.99711911417743
7845,18,11.091818244405705
7847,29,39.4251050473865
7867,24,24.162080643974942
7868,18,26.92652701023084
7871,29,30.45084192746853
7888,23,33.175472460926365
7896,25,39.40175682027562
7898,26,26.40710809384548
7899,20,0.8491480050589447
7901,29,7.873993260436045
7906,24,12.42941746517697
7909,24,3.8641959893446094
7910,26,5.502370121998472
7922,29,26.095780924584155
7924,22,33.40659206807458
7928,20,38.04087983266641
7929,26,31.476712459130816
7931,20,20.897593546556635
7940,21,7.727626102041039
7952,21,4.729816550992669
7953,24,12.877798083118265
7956,28,4.625117991161886
7957,20,29.41891512184496
7958,22,21.54085630215957
7960,26,24.93361226904047
7967,22,18.72967609680133
7968,18,4.274407296100431
7971,25,22.542325850999035
7978,20,33.11927118068233
7982,27,17.126470760571895
7986,23,22.214939489056377
7995,25,28.114022340379297
8000,19,5.864498934726493
8001,24,8.842991452368475
8006,19,15.973502711174287
8017,28,35.151121867268365
8025,19,13.842039272891942
8034,22,6.464529535171155
8035,20,23.39588356699312
8036,24,32.63632157853463
8058,23,8.189428992302284
8065,23,13.719336316657351
8070,26,14.742202092500785
8076,25,1.4033850472015594
8077,28,3.6525843956034216
8087,25,27.15299156142219
8100,29,0.5440145248614426
8104,25,17.420697526297385
8106,21,3.594490007708588
8117,18,28.38896379830226
8118,18,28.156415377853747
8122,23,18.73784501408772
8125,22,23.27991303818815
8128,25,38.45633765227927
8130,24,1.4139334985636327
8136,23,29.22925330793031
8138,29,17.062121820202712
8144,28,29.5404319617767
8150,24,0.9915346238822031
8151,27,37.70185957647613
8164,24,10.116357839827955
8167,20,7.165398551423101
8168,25,5.610453246733962
8171,19,18.9917339355338
8172,28,38.05038663769405
8173,27,3.878043383061809
8174,28,16.928290034188358
8176,27,27.283230364646663
8177,22,1.8000170978198895
8179,19,11.269071945583244
8180,24,15.3195184218605
8181,22,35.39925559263383
8183,18,27.921252318183843
8187,29,1.2249574655996511
8189,18,16.094765293363675
8191,20,32.741284555848274
8199,24,11.486702530240724
8204,22,28.30259295682229
8218,25,7.23893019580029
8224,19,19.720032528062447
8232,19,36.65939741428419
8236,18,34.27797077788735
8246,22,2.6061837176161773
8249,19,16.346672778346175
8251,27,18.94623161224893
8262,20,13.335225241317085
8274,27,19.720578000821995
8278,23,5.79933163440748
8281,23,22.433963209585528
8290,28,36.913223754868525
8292,21,11.474542056254014
8296,23,34.44268949818288
8299,27,33.53253369768559
8304,24,4.25904014211062
8310,20,12.010650229027616
8314,19,5.934751295770725
8324,21,12.505875690332408
8325,27,38.3560350621224
8329,29,33.184219557157995
8340,26,1.0285305560324087
8349,28,18.552746814954336
8356,25,21.342215099900884
8358,24,4.041800919030903
8359,24,11.971641959274908
8360,23,9.389253004363487
8363,20,22.356700991963944
8381,28,32.97780604239637
8382,27,2.5076911446094425
8383,25,3.4877697683843505
8386,21,34.97196345912341
8388,26,36.40137670610554
8406,20,2.367505841520209
8415,27,10.267681962830416
8436,22,16.141841094470145
8442,28,22.73739230972221
8444,25,27.476313731495992
8454,26,28.360740133805475
8461,18,38.42695308828059
8466,19,36.12904939501958
8467,18,12.308419810909918
8473,21,19.41455631225844
8475,18,26.88396595770076
8477,22,26.23006239912779
8480,25,10.459385937261606
8481,24,28.029667610943186
8483,27,0.2608682995458368
8496,19,25.036555538840897
8497,22,2.667980705254274
8502,29,25.832600380123125
8503,28,9.705317699356216
8511,21,6.554998516314896
8517,24,6.311685591764945
8520,23,18.23494621165504
8521,28,1.826248173697176
8530,20,39.21753399309554
8532,20,8.428031771994501
8535,27,18.41677849112917
8541,25,5.194633985121827
8546,26,28.411369759774704
8547,23,13.777095225010347
8548,23,18.499792737983064
8551,26,6.935463795658015
8552,18,34.920099753043864
8555,25,7.811222765049112
8556,23,39.224797365075325
8557,27,13.462946629006542
8558,18,7.48909400427592
8561,21,26.70091633813265
8563,22,3.2275396256382507
8573,29,6.331680511095342
8576,21,30.28984124883896
8579,22,9.549684416169244
8583,26,28.8872001506734
8586,28,8.105124702875544
8590,29,13.231125514667175
8595,25,33.29694909427992
8602,21,26.26756778344108
8603,19,3.9867086511760097
8604,21,19.06355007228172
8609,24,5.5518273111646455
8613,29,30.083040370064182
8614,23,14.119241964631918
8615,22,13.228934784452308
8618,20,22.810585428060687
8624,28,34.54830642408194
8627,25,21.643803461926083
8629,18,39.79770141070001
8631,27,32.99332439650854
8633,29,21.73579166333722
8636,19,4.504061392307648
8643,28,35.67669234112358
8644,19,0.98606690655526
8646,22,12.686024441801877
8653,20,28.64180209036259
8660,24,4.8490079644778135
8661,18,9.52805380384962
8663,28,9.207278024702042
8673,18,27.4478032571565
8674,28,35.067334551125505
8678,22,12.868148287154511
8680,21,7.529848618496893
8682,26,27.68770149682159
8683,22,2.3380864855673344
8685,27,14.62871158588082
8689,24,38.87561394663531
8693,21,25.96271464381635
8695,28,6.462737856846781
8700,22,15.960605572697006
8708,23,29.12920169532812
8717,27,23.01763567238392
8722,29,23.23864521215892
8727,24,33.09975473185024
8728,27,38.60093573822992
8731,28,29.59121847661696
8734,27,30.57418522548927
8743,25,23.446706426533964
8744,20,34.08771076028456
8749,19,17.457993847701267
8753,28,12.967329085306805
8754,18,1.204211489858766
8755,19,36.92703190533221
8762,23,22.97552411399733
8788,20,23.36263352763952
8790,27,28.47126855226361
8796,28,15.877874159987703
8800,22,18.19559514864974
8801,26,22.434861671495845
8812,24,7.343330493578417
8814,22,0.205837472466253
8823,21,24.14479581040092
8831,18,28.897299072931546
8835,22,8.193346223370161
8837,27,21.629000600773733
8843,19,29.57537317018779
8845,25,31.23602250053642
8849,18,26.9545014587922
8850,20,39.7228376339221
8853,25,15.506564713959476
8855,25,7.1480090812150126
8858,21,8.645478028337678
8859,21,10.16671369848058
8860,18,25.06023422082452
8862,28,25.50309143119308
8864,21,20.05601334841156
8869,29,1.9378274622679863
8873,19,23.84871975637221
8874,23,37.45179776973515
8886,29,15.497057951305193
8888,22,2.163470141831689
8907,24,8.088972273221607
8908,22,26.591257451183903
8912,26,5.267437102527561
8916,24,4.247344607029819
8930,26,25.554253333096696
8931,22,8.998872708961537
8933,21,19.666216601558343
8943,26,29.88204907199252
8949,28,20.67720822856764
8954,29,13.16195770530087
8962,29,35.25589337614621
8965,23,16.054532289659722
8967,26,28.53444597703724
8970,22,6.9089298785017865
8977,24,0.962545033298144
8981,26,31.617119400901966
8982,23,9.240710302587631
8983,29,17.761264442950832
8985,19,30.94630075347826
8989,29,17.41584057116092
8994,28,10.820105501927785
9004,28,16.12226839376481
9007,28,33.58034900093226
9016,23,7.930663352326684
9018,20,5.050318646645353
9021,28,25.79082296468537
9024,20,36.38528386544631
9030,19,7.720158349697387
9035,19,18.553728791849352
9041,23,33.68350554791583
9049,19,7.009787423848196
9051,20,38.40471905614999
9061,24,16.919046565587895
9062,26,35.085826120587846
9066,28,17.381397444011306
9068,21,17.882262930361062
9072,18,38.33070676528624
9091,24,26.310625062616428
9094,19,10.967349259521294
9095,24,2.1194683137207107
9096,20,25.97818834651567
9100,19,38.59058138580333
9103,20,14.669485064778636
9104,28,10.172685642294184
9111,25,30.14881784828183
9124,24,5.172592231473
9128,24,3.3029498774846853
9130,21,4.132896250948922
9131,26,2.601997945332959
9138,19,9.890432090875494
9140,27,5.528452936340256
9142,28,38.34668800218375
9146,19,2.33089572834488
9147,19,39.191812502153965
9159,18,32.846235440178646
9168,27,7.146468273576185
9169,25,14.812190322231393
9181,29,36.48888115248892
9182,22,4.463254786825647
9207,29,34.81899654364058
9211,29,12.60376966128089
9215,26,10.67912033001024
9220,26,0.947129738203055
9236,29,38.58363868195861
9237,25,26.18292621971888
9242,26,25.794591637419163
9252,25,18.644921035596862
9253,28,27.667522426625183
9265,27,9.485858491551715
9266,23,13.835565835510463
9269,28,25.099352789173807
9271,22,38.31142635197264
9273,19,22.85129901865465
9274,20,23.98369735817924
9279,19,25.597519214101283
9280,22,24.21947225521016
9282,19,17.0101249807201
9283,24,15.850802453410417
9308,23,20.98020104521819
9316,29,37.8606595605436
9324,19,13.36698673441259
9331,22,29.748287384822035
9340,23,11.129553535157534
9341,23,6.369061860590181
9348,21,35.59761682106927
9355,18,37.35850424870824
9356,18,28.83387067581927
9371,21,34.4135394185007
9378,22,28.950244677381296
9381,28,18.81767437778676
9387,29,33.64600653238193
9393,23,19.212177958382853
9398,24,35.949546542837005
9411,28,8.175946673313094
9413,21,38.47390524364682
9414,21,36.378539785949854
9418,26,16.75879046702706
9421,21,24.7012160529198
9422,25,4.214589525644607
9425,21,35.56247203809215
9426,23,0.2442058648309095
9431,23,14.109605724464306
9435,25,17.25706449841713
9441,25,31.77165943948248
9443,22,23.94451632670156
9446,19,10.23789452486711
9450,20,6.586730234242614
9452,23,4.814801684143492
9461,29,18.223415177024464
9469,29,13.759413467957163
9476,24,2.4087280140091734
9477,23,21.512520448819263
9479,22,31.37342875156561
9483,18,6.125893128963359
9489,21,13.04020314258222
9491,21,24.4760358683892
9492,23,9.29955664101032
9496,28,28.43560264666047
9501,19,25.19996394284188
9503,24,33.90755726945201
9504,18,9.761710651483623
9506,18,11.06825603736176
9511,23,30.38340803320189
9512,20,13.415520822093562
9514,29,14.31387042348065
9519,27,12.979800302320784
9521,27,14.558669313365195
9528,21,9.037980107376372
9529,25,8.083176574855775
9533,25,22.4386070955703
9535,28,20.57583253673211
9536,18,33.9992770330018
9540,28,26.62843885770619
9560,18,11.37964491969854
9561,25,39.91700685988432
9570,27,17.17534551316738
9574,22,11.41059353886129
9578,20,15.39241136420152
9581,23,36.514267365477394
9582,23,36.56042761937225
9584,24,37.34475072909943
9585,27,29.69897161614016
9589,29,27.549557227146547
9600,26,25.06025663408845
9601,20,7.716335818498929
9605,26,0.9587027269818952
9609,25,17.404125466168782
9610,23,38.71924541261989
9611,27,38.85236943282778
9615,20,34.96988720928653
9617,28,19.450945527384047
9619,28,24.099655750046303
9620,23,15.392083933490746
9629,22,6.894513772928272
9656,26,12.159603713468856
9660,28,18.497287141883582
9663,26,24.658059698522408
9664,28,23.9395991871795
9671,24,30.641870676528296
9676,20,39.29182564786568
9684,18,31.505678993971465
9688,24,37.09770599914772
9689,22,28.409913029109788
9695,23,34.18666669923267
9707,21,16.144833042853087
9708,24,4.2827913187250335
9711,20,27.60978479839062
9716,20,37.32750198264332
9717,19,19.243695522726604
9737,26,22.94984374581059
9742,19,23.585857039101874
9747,23,27.823423268072005
9754,26,13.455057901854005
9756,28,39.87963462569569
9757,29,27.73280042322793
9762,24,26.718325444903737
9766,24,15.253569294564606
9775,25,1.3765896308658243
9782,29,4.967866276133959
9794,21,18.409881747653973
9795,19,21.83667541776053
9800,29,3.1519259346194826
9806,28,0.1030864140431895
9813,20,32.35483465162627
9822,27,3.043350473736578
9823,24,26.01833151183225
9826,28,1.7955016542790316
9827,21,2.870686902837692
9830,22,9.86974996044806
9831,21,14.823097828454667
9832,27,1.1718762303143595
9834,18,14.363174862144026
9845,24,36.4996762910344
9846,28,28.00701358568946
9851,27,23.419574746953945
9856,19,36.43162912867754
9857,22,0.2028700033598599
9870,20,25.50621281627778
9886,20,26.516625750484693
9895,22,34.323290705239785
9897,24,12.25587285391644
9908,22,5.279433109793957
9911,18,29.714036693927905
9913,25,3.896268013909444
9916,29,17.473110933520932
9940,29,22.81558275753614
9950,25,23.58551479531556
9951,24,27.38183954304218
9957,21,27.795369441661208
9964,23,14.101993352748048
9973,28,27.00995726244816
9974,24,24.717289700806912
9976,23,8.919041552410713
9983,23,31.204165950166768
9985,29,7.207002661275776
9997,27,28.244930257304016
9998,22,5.537439117456194
10002,18,39.50495381445122
10006,19,28.918806410251428
10011,19,22.654727210275333
10016,25,2.275754203646163
10018,21,30.16763406589356
10024,23,8.92646981860093
10025,21,27.17606999219641
10036,19,34.81401995933236
10046,21,10.572110433701711
10050,27,35.89953716577943
10053,20,32.500500059474625
10055,20,30.70756982799501
10058,21,28.291110890079725
10067,25,5.911421203856164
10071,21,31.26019941978236
10073,18,14.254048692754154
10079,26,11.625093999419924
10082,27,7.289326610435949
10091,25,33.09711852113422
10092,26,16.056613580575423
10093,29,25.51440896743682
10099,26,36.55759520243241
10100,21,10.491152370798526
10102,20,26.671965234526752
10110,28,8.326013169276369
10113,23,32.91204622491856
10118,20,36.05978504820951
10123,28,39.89575637018817
10135,26,17.860818284433748
10149,23,13.820530636622768
10151,22,13.568249706420026
10163,29,16.864167023622297
10166,26,39.785720850735785
10170,26,38.4595959604755
10171,18,10.266109229563048
10176,23,8.016249476930806
10182,28,28.666612965725044
10193,28,17.05077844331219
10226,21,33.52885018240975
10228,29,9.101907811577838
10229,24,28.149169999941723
10246,23,11.429398086428192
10248,28,30.64112616731289
10253,28,10.610275906524535
10257,25,7.414503733561784
10264,25,38.216490322822985
10266,22,10.671634092243792
10275,28,33.03516403971251
10280,29,4.173180302112822
10282,29,38.16704756760976
10283,23,2.1969976204497663
10284,29,12.775805027974789
10287,22,10.110156256754273
10292,24,39.85607986371002
10299,26,39.332786997320056
10300,21,33.60714852652361
10318,18,3.301204210823792
10319,19,13.109179087941747
10320,25,20.36183432291356
10330,23,11.525897719576236
10331,21,37.01388006156831
10334,22,11.908680607721047
10338,27,35.58687189361207
10339,24,34.64157157233584
10353,26,25.371926224306137
10360,21,18.537947311342645
10366,22,1.4705871668950798
10370,28,18.05713296246158
10373,29,22.450243936100545
10382,24,12.102450069976785
10384,28,24.79811648616202
10394,20,1.6630581929478665
10405,21,2.3510531655082176
10409,29,0.3342587182911283
10411,28,2.2810536350090915
10413,22,20.83515075214219
10416,26,11.953428178517091
10417,21,6.057602843189919
10423,24,17.887821398966906
10432,23,31.749455067090725
10447,22,17.6037855372697
10448,27,32.76917819900215
10450,21,27.98053930890297
10453,23,30.75410314059638
10455,28,9.9479911718666
10457,18,14.712112251520187
10466,24,17.582968392117454
10468,24,22.771924646719366
10469,25,10.468139294747786
10471,29,23.595541807736755
10472,20,33.88434998731529
10480,28,18.99455766051577
10481,18,33.01384978626381
10487,24,1.3956976928431746
10492,28,3.2265391514280672
10500,25,15.73825208730256
10508,23,22.38462310487312
10519,24,7.35965072644638
10521,22,9.414475921975871
10527,25,15.00161686227304
10532,19,35.4570345711805
10534,19,13.967746779170923
10550,28,25.49249658664573
10553,24,30.48131080297567
10555,20,3.800331166881557
10564,28,2.0728520270288784
10568,20,1.3305026863341975
10570,23,2.4244516771127325
10578,22,33.26193987578653
10583,22,35.54537297184199
10587,29,24.3183562636837
10592,23,16.855405255307716
10601,20,10.959905856885076
10602,25,16.39504689822284
10604,20,15.45374451740382
10610,27,14.199345707901124
10614,29,17.922951708564312
10617,24,10.831947281439374
10621,20,18.10546274476087
10629,27,22.232618068997866
10636,18,22.1436404977949
10641,22,3.688290152058402
10644,22,12.808370582922445
10648,19,6.9782728153813975
10649,19,29.014378407492508
10650,26,38.55681203942648
10653,18,13.229540235226963
10666,29,6.231080459376863
10671,24,28.00850271251625
10673,29,20.35364345374682
10682,25,13.148948296653147
10684,21,10.117611313368272
10685,20,13.04897163061026
10689,22,32.601010427057346
10690,29,23.13458485898525
10700,27,13.691979722319155
10701,19,30.401397389888075
10703,25,15.276614399052251
10704,28,10.02253496123717
10705,23,31.20310370104584
10708,19,28.262796843862503
10710,25,32.28185903602069
10714,22,22.778178465724405
10715,20,10.68167716069381
10725,23,16.108438644182197
10727,29,38.26558184173523
10732,28,35.94142142127841
10745,20,0.7527196613512833
10760,23,6.433193210394687
10771,22,33.20099151514597
10773,19,10.84109420958778
10778,22,6.237995940648452
10783,27,5.248799625473745
10789,20,35.72430145600163
10796,20,20.296794609058136
10797,24,28.32521510488416
10798,27,17.409877922986386
10800,22,19.24581302048012
10807,25,14.114151877270707
10808,23,19.728594420565496
10814,18,33.538015293967455
10817,25,26.610661163297586
10823,18,20.063561188656355
10826,23,8.39239626420473
10827,18,12.86832606415729
10828,23,11.844819896575247
10829,28,39.72267506340141
10834,28,6.94818809523003
10852,20,36.0440751455007
10856,18,4.498715441732098
10857,19,38.253644303487455
10862,23,12.863114773447167
10866,27,24.025144571777645
10872,21,29.839799702711748
10879,23,6.238760725966277
10882,18,3.4852012354255866
10897,20,20.20344894954125
10899,26,27.617380017398176
10918,21,14.464353452619028
10921,18,18.055524199092336
10926,26,14.145637320714252
10928,22,32.319458184610326
10933,26,15.691578705004709
10934,22,33.655257809310015
10935,24,39.15856461971559
10948,22,10.31270298595817
10949,22,24.89327197720321
10950,25,7.310471076858819
10958,18,2.182733670788961
10971,18,20.287563679427507
10983,26,29.808119799874703
10985,24,20.029126959339177
10988,20,13.87144292555222
10992,26,26.078372393701592
10993,29,14.86658637403026
11000,21,17.511520057031053
11005,29,33.29764825982634
11019,18,16.623464535628987
11021,21,39.166395677083095
11029,23,13.547907987620135
11034,19,13.191303991846226
11039,23,27.563015086112227
11043,26,31.796190624709947
11049,26,38.5607827041451
11056,28,18.393560300317063
11058,29,19.650651623951912
11061,25,2.1500030747888603
11071,28,38.85278490454176
11083,20,15.435432448087807
11086,23,35.46683303362276
11088,21,29.42116479736649
11092,18,27.31413831635859
11099,21,10.688183653960472
11101,28,18.961887011370106
11103,25,17.046916222654435
11104,24,7.6548258773798
11105,29,28.454904613268496
11110,22,30.839937562858687
11114,24,15.628402279927217
11115,23,26.211812292586696
11118,20,0.6405650428253722
11119,24,8.08345515073966
11130,22,6.331977990654618
11136,26,29.330205218552813
11138,27,26.51510478605711
11149,26,33.82361968760386
11151,18,17.650804714629455
11152,23,34.608490308127024
11168,26,25.276816916458795
11169,19,0.8616848257546089
11171,21,23.91135642804277
11172,23,5.137229991574828
11177,27,17.265773791999507
11182,29,26.80075416633292
11185,29,16.386302765089837
11187,27,39.33226650681758
11190,29,19.961070212663014
11197,18,1.9590697125465648
11198,22,18.08824534393208
11199,19,39.40036264547579
11210,22,37.76603840804986
11214,29,6.390452557942076
11230,29,21.34867357163188
11234,18,31.07212602299286
11238,28,27.24163211035508
11241,26,13.132651250020508
11248,25,32.159894863380664
11260,19,20.10454252419333
11275,29,8.085263424234762
11278,18,27.40131678109096
11279,19,9.384948377091618
11280,21,6.320169134749137
11284,29,11.831072256985056
11290,24,11.357797935216452
11299,20,8.189760716387163
11300,25,7.115268250395815
11305,23,9.745850134047997
11312,19,27.100156103725567
11333,27,14.39555587052346
11337,23,16.512231959484783
11338,25,15.179714651351505
11341,26,16.53253485740863
11352,29,7.730095229828214
11353,28,36.34109837520384
11354,26,20.971595330371127
11355,20,35.69062971187867
11359,22,16.758931227188402
11361,23,2.6217720324610467
11367,18,11.808789877092718
11375,24,12.945338356665513
11376,24,12.375608557307766
11383,23,9.020872755339491
11385,19,34.872081431071365
11395,20,22.479805940001164
11402,20,34.61675207765616
11406,19,32.82626074340716
11409,27,17.987920763289324
11410,25,18.653723979579773
11424,27,25.553918795594505
11427,29,7.057720622863425
11436,22,8.622548690613447
11441,21,21.61655889206843
11442,20,38.80036682141256
11443,24,9.26429750110544
11451,25,18.938771777361403
11453,18,10.636250941008656
11457,23,9.153734856412049
11460,18,15.837089842751638
11465,23,33.39918741609866
11466,28,25.29519223870812
11472,28,9.80597306673031
11473,20,17.618732186901266
11480,20,21.71609653219384
11483,28,34.50773647288989
11489,29,3.151408097663228
11494,28,24.032229110298893
11498,22,36.03027478352164
11503,27,15.832136525887648
11516,21,31.201803733137776
11520,28,39.6084408252719
11522,23,30.293903838652007
11525,25,4.313170278374948
11529,21,7.847547226165095
11540,21,22.051585540411896
11543,26,36.73223277452769
11545,25,28.65096246014384
11548,24,38.03014297615876
11549,28,6.105861839733774
11550,23,18.057482661502764
11554,29,32.147752629488984
11557,22,34.49177777182241
11559,23,1.3785507223256828
11569,27,25.078217801710963
11582,28,2.7657054007659663
11584,22,21.51314916120021
11589,25,7.596483310542296
11592,25,27.961831977916088
11594,23,33.19154317115168
11596,22,14.51512471228954
11612,24,20.82997687155596
11622,22,11.066980130374452
11629,26,16.182046484937814
11630,23,15.911198143135442
11632,23,8.371713928601554
11633,26,11.730970262562336
11640,27,12.29223845762238
11643,27,10.592260104506424
11652,26,37.00417386527312
11654,23,6.568697756226474
11656,25,10.806656373500468
11658,24,33.67808788689184
11661,28,39.647264065834015
11666,29,13.315398818339442
11672,27,35.10999205307288
11678,21,38.0550314474627
11683,22,4.500371337029304
11686,23,27.76606163748472
11693,20,31.58648754565771
11698,20,31.27107129982917
11699,20,20.94215126338557
11700,21,14.01256363462471
11711,25,25.89043164048301
11715,21,9.86842266358075
11716,22,13.94600883611426
11717,21,37.62921329908651
11732,22,24.16343738489318
11733,24,10.61637025383726
11734,26,14.007549665363063
11743,21,15.541576442567903
11744,26,36.09364685130526
11746,25,14.360523453907875
11750,28,17.066660992998848
11763,28,14.02800114238622
11776,18,1.4075712822665023
11781,23,6.8877229179528445
11784,22,35.76845198242636
11788,20,0.3712834942589897
11789,27,34.51386791816001
11790,19,10.12622078505215
11793,18,15.567336278982424
11794,29,13.394711681428369
11798,20,0.2965696607604928
11802,20,23.05119629148354
11803,26,30.034946526116347
11804,18,33.55245032769468
11806,18,37.9877750518405
11807,27,9.845226055558742
11811,19,9.79121996749572
11815,28,1.216416918205776
11822,19,13.381880860884582
11824,26,25.56985822495011
11825,25,15.551874839667814
11827,27,17.899764598750714
11831,28,15.232545586131575
11833,28,32.371511301233674
11837,22,12.605171293599064
11843,18,29.18487459292565
11857,26,16.87766281967267
11862,19,13.117108870467804
11863,21,16.817410933422913
11864,28,27.20252100386881
11865,28,29.397119994772865
11866,28,11.656317843995325
11867,18,37.22458656144259
11871,29,15.330905643726595
11874,18,26.53314265923322
11881,28,17.714023508504024
11886,23,10.71004439991897
11888,20,20.29545818647033
11889,28,16.032070882483485
11896,22,9.164903685447886
11897,29,39.624264417189046
11907,21,5.762029880832746
11909,29,12.846771891806428
11929,23,34.88500087460224
11930,26,9.144172673213902
11932,21,32.31427946246689
11937,22,11.70916596018278
11943,28,34.12882462366461
11946,24,8.178088724394152
11953,22,18.53636361002329
11962,21,38.47492305402678
11970,27,27.00201540748677
11971,25,13.517931393876554
11975,27,24.080580154895607
11976,21,13.858220260947634
11978,26,26.118935889421767
11980,20,35.48899601775957
11982,20,36.12060747579582
11993,19,6.357574717928599
11994,23,39.75469193029468
11996,25,15.255215631533291
11998,19,7.777317495826961
11999,21,16.950661967056696
12001,21,6.382875241521396
12004,29,11.295201236841391
12011,27,20.08700575331901
12019,24,15.989003269290944
12023,29,34.245662918389456
12032,29,28.21509267583404
12033,18,14.07443251225896
12042,22,12.219160621331396
12048,29,16.96951197216782
12049,29,29.2716162908793
12056,23,10.91986454921017
12061,19,15.287238677534218
12071,25,24.363746958030813
12073,24,10.342175739706365
12089,19,34.811146696649445
12102,24,26.494563190452965
12105,24,17.188186499870355
12111,19,4.360694238463213
12114,23,8.576178176393144
12118,24,2.8918279170023946
12128,29,16.915786190932707
12135,24,26.36438578195778
12136,28,6.86207244108541
12137,22,33.25491917903471
12144,28,2.6445057503394764
12153,18,37.13824216532077
12164,19,9.277843123579748
12173,21,0.5986979348921058
12176,21,23.43439208092424
12183,24,24.401849026347225
12202,28,10.22335399459066
12215,27,17.023818986875284
12220,29,9.79353408002127
12223,29,37.31046497250416
12226,24,36.77649773300008
12228,26,32.28975653400826
12232,24,37.44252626343968
12236,20,17.923057430129294
12241,29,32.86444914544287
12242,18,6.4529920427902265
12250,24,4.552816712220599
12251,24,20.00022940187932
12256,18,23.68773003784422
12257,29,24.922423252679668
12258,21,15.213816691314015
12260,19,38.18820547708967
12263,23,34.92396728323796
12266,28,19.8322702265786
12269,24,8.448683014750227
12273,22,3.7786831378617687
12281,29,33.65630854452182
12291,23,33.55076781656312
12302,29,18.808810836582552
12303,27,8.276971606907743
12311,22,1.1367617332064928
12316,26,27.07765204077383
12317,22,23.90139173654368
12320,21,1.146722011018687
12323,25,27.446222614308528
12328,20,15.33420401569432
12333,20,34.06089505749171
12343,19,6.098626629469112
12346,27,4.19155361346144
12354,24,27.232510350299965
12355,21,26.844097651141908
12374,25,36.07069058884538
12383,28,38.98244854289107
12392,24,18.259805683502016
12401,25,10.999256768255284
12404,25,15.4320590665542
12406,27,15.698326175472149
12407,21,29.56440728101075
12413,20,14.526736798756344
12416,22,25.80793285467546
12417,24,21.159985462492507
12437,22,12.762413941428404
12443,27,10.665716393953025
12448,25,3.009364234511818
12451,19,9.779598487137305
12452,23,24.2706935858528
12459,23,11.147580049775518
12465,24,14.980944407193212
12467,19,5.794585750168682
12478,20,16.634426974225583
12482,26,27.839074046032827
12491,23,23.18773968145868
12499,29,17.127484153724737
12501,19,11.876804935617075
12503,23,34.26215802872752
12505,27,37.56415706786452
12508,25,7.888652387635264
12510,27,17.755685774470976
12516,26,29.0883413296921
12524,20,30.59147371934065
12529,22,36.323140704484224
12530,21,19.30070368134083
12532,21,35.578714590836626
12534,24,1.4560357828328592
12535,21,20.042264266243823
12542,27,16.69085197845141
12546,27,39.512282886351294
12553,24,15.623370508340397
12558,20,34.25608849073668
12563,26,33.83093962163392
12576,26,10.453997834776407
12579,23,26.300764986830902
12583,19,20.856673105937524
12588,28,3.5265116177735347
12596,21,35.76640957922583
12598,24,32.85054003886623
12605,24,26.99541470815968
12615,27,2.5858356782196537
12619,26,39.309387489191614
12620,24,23.28033887725853
12621,21,12.1344758793244
12630,23,13.372986028902895
12631,23,15.051364689432964
12641,22,3.9617107269715777
12644,26,19.087826464071814
12649,29,36.20351634035005
12651,28,27.424077272360822
12658,21,10.421907802306595
12670,21,14.590722553454212
12681,22,11.650275637643247
12683,18,18.63118548029837
12686,28,31.715216682918182
12704,26,27.256114375183166
12706,27,11.040962418764549
12707,18,5.843737119391738
12709,28,5.730700757937894
12713,22,3.5695733919045005
12715,28,15.632109425945368
12717,22,12.484764232752164
12720,27,6.27507664489206
12725,18,15.814405609456786
12731,24,13.38623688153933
12738,18,11.30196123256571
12742,29,29.22711139800052
12743,29,28.081417397351167
12745,22,5.226545769186653
12752,25,34.686165801985624
12755,20,6.172780795846532
12758,22,18.204436254385325
12759,23,36.86284168838584
12762,22,4.169677870058321
12764,23,21.55639152491112
12781,26,2.0337587896466465
12789,27,7.743137361697
12790,18,6.796064171254048
12791,28,2.666817541995359
12804,28,6.484906926177511
12807,26,24.780948928347755
12811,26,23.001251543845576
12813,18,6.643718781442857
12818,22,38.78836704976897
12821,26,26.771968230156983
12822,28,33.36145706154828
12823,23,17.817769870559463
12838,29,9.912402786689167
12839,20,18.750947935760724
12843,22,4.994238516066229
12855,18,28.79078549405443
12868,28,37.47746987494839
12870,18,32.86473370345533
12878,18,4.625189432956485
12879,18,38.81260841157057
12882,21,25.294802311435184
12883,25,19.70288749990833
12884,27,39.22733461769023
12885,22,26.57457202624496
12887,21,28.88253190302898
12889,28,38.15067780499935
12899,19,19.52205170750581
12903,18,31.92477479027752
12915,26,37.97194242371127
12917,27,21.373188692964927
12920,26,11.7390658713892
12924,29,10.684548785949437
12929,22,23.36104511206856
12939,20,38.34987587440606
12943,29,26.404837013492976
12944,19,39.88643847239478
12955,25,8.832391255766968
12958,28,10.390654603402988
12961,19,13.899703862378884
12964,18,22.39383458616545
12968,19,29.08837822921134
12972,26,6.025391386014421
12973,19,35.70575062674366
12974,20,6.974651672316888
12986,18,26.42323864840883
13006,28,7.911085047263071
13009,28,26.22162239295241
13011,19,12.57276710801161
13020,29,14.76498052610075
13023,24,21.4006822266282
13026,22,27.75919671252821
13027,19,27.754089113541497
13039,22,38.26801568813908
13046,20,25.151424451595744
13057,19,15.822653595481958
13059,29,4.215533427304471
13060,29,35.58524450131234
13070,25,18.47020646475318
13072,26,5.317295907485261
13076,20,6.843188682150073
13077,19,1.5065785086330263
13100,24,21.886285277758155
13102,20,20.442410388890146
13107,20,15.1824370119808
13110,23,0.4846562829267202
13120,18,7.867893536481868
13126,24,32.78981318151926
13132,25,34.41030382667199
13134,23,3.436094206761529
13138,29,34.581369456190174
13146,27,32.49946943570076
13148,21,3.5948388953860246
13149,29,7.316811470787572
13150,18,10.290803847113516
13152,27,31.67187099796091
13154,23,0.8030209846774699
13156,28,37.66060609079392
13158,18,13.479038309977682
13166,21,15.397128678497424
13176,29,35.68639770277397
13187,24,10.585373144347296
13189,29,18.028525565552343
13193,18,28.91233746940833
13195,23,38.65582866538915
13197,18,1.970109675023901
13218,21,18.41428248079592
13227,18,36.06946969187555
13238,20,6.531994406060021
13239,29,8.989368480861405
13242,25,12.684282338558608
13244,29,18.177775987373675
13248,26,12.836449412259633
13251,27,3.06721683695964
13255,22,7.0307863257597285
13256,21,13.648467735262752
13257,24,30.82592293998055
13259,26,21.559188766176057
13265,29,1.4383119803208595
13266,29,22.1894400989981
13269,20,6.285574939830059
13276,24,7.167919543877148
13278,18,15.386817072840149
13281,22,17.15646128852382
13306,26,12.912368018328872
13307,23,15.666555756062728
13309,23,14.007452731781084
13314,18,0.1753904210215605
13326,20,21.584921735959725
13327,26,39.07514283123243
13341,24,12.37362444307349
13362,27,21.79252535297476
13365,28,3.872255841891444
13368,22,24.821681312888416
13375,27,13.112843122864092
13379,20,22.46136665758773
13381,24,15.71234686761222
13396,18,35.755489238733205
13403,25,36.64411078829188
13410,29,9.50006603923172
13415,21,33.35617677817361
13417,28,32.434806308540345
13418,18,0.7157078313491069
13422,27,29.505089175032
13427,18,8.570478385220165
13428,21,22.13779203547112
13429,23,3.549875370068919
13440,23,3.5229800161216773
13446,19,16.461335794684235
13448,28,2.751778384169089
13450,20,18.46392884475465
13452,21,2.060966822802184
13453,25,11.588996105812862
13460,26,37.70558091665727
13462,20,39.37638440438947
13473,22,38.858036361807066
13474,20,4.546374626102797
13480,29,3.7512043638018615
13481,18,34.39009202622195
13483,23,21.93845009501256
13493,24,25.36547611269968
13501,29,25.95795718606785
13504,24,18.36039361159029
13505,26,12.47895639230165
13506,19,15.0191802689513
13507,27,32.72366645247392
13512,19,25.571423890569683
13518,27,2.5671714287939533
13522,26,15.599797006986291
13532,20,28.66001876776389
13533,27,15.40987290362009
13538,22,29.68954373028535
13540,20,3.272273284083156
13541,29,20.877589967700164
13542,27,25.336363790730616
13546,26,6.899782673459282
13550,29,38.01716304342634
13551,29,1.7672752660115425
13554,21,30.9939114532462
13556,25,10.569222716474329
13559,23,25.699125387010803
13560,28,22.67370771203608
13562,26,19.753978019307382
13571,28,6.144153055509301
13576,23,5.204841847384265
13581,25,6.026817164427527
13584,29,20.04969280550963
13588,20,6.988949924790312
13589,22,35.63588225547815
13594,23,20.80834030322359
13599,24,16.73437247883942
13605,24,10.343217290723478
13608,29,29.872354598426927
13609,29,0.8740971726238588
13611,23,14.518061309420672
13615,24,4.557857529411439
13622,28,31.06381999305309
13628,25,18.627743652913377
13629,18,0.1631386737153862
13636,22,20.23830396522804
13637,25,17.416467905611203
13638,23,8.069328399265988
13640,21,16.542370443571894
13641,27,21.667457298056654
13651,18,7.982129665164355
13657,22,20.37615641652091
13666,27,0.4302656043429492
13667,28,11.47593341735387
13677,29,5.740136657780786
13679,22,2.46570278836241
13684,26,16.1647569838466
13688,28,25.45085959580036
13715,20,35.45672911221132
13717,25,3.898706151933872
13719,18,7.137770991570308
13720,29,18.235840216966512
13729,18,26.83247578036317
13732,28,2.7620177427338257
13733,26,14.053410901501644
13736,18,31.541850547920564
13738,29,39.814848620657735
13741,29,31.72335852181963
13744,25,23.614821425576004
13748,21,38.9262198597603
13749,19,37.31456301733885
13761,21,37.47168836675037
13767,26,19.31806292246237
13775,19,31.53105134517866
13778,19,13.10163712781841
13781,29,13.2386616508976
13784,26,34.86782008625547
13804,28,13.218637140050411
13807,21,13.872080033294912
13826,26,22.34382623980509
13833,18,6.12220127467394
13844,22,9.829593468611886
13847,26,0.6609911462650049
13853,26,3.2395547913741725
13860,25,6.558868299193179
13867,18,1.3997507268856924
13881,20,19.274436869095886
13883,25,24.968091671444046
13886,22,33.67379736586882
13893,29,36.5549633074717
13895,27,5.844830445509675
13897,29,2.5635760199969733
13899,23,9.829414812563591
13902,25,29.213629204115897
13906,21,12.430634350584342
13907,26,28.009905471420133
13909,20,23.08110142543017
13914,18,3.289694188102461
13922,18,7.784007436867976
13929,25,36.977726857517766
13930,29,34.2717777882027
13939,22,31.22005636175836
13944,23,35.781191548155604
13947,28,8.91924368362437
13948,21,29.21941347841809
13951,23,28.27568753375517
13952,19,35.33781849628496
13954,25,38.50241743556023
13957,28,30.957432732558782
13958,21,11.898617448809048
13959,24,31.77061999674506
13965,25,13.64556182514974
13966,25,15.46978542335122
13967,19,5.524726676818226
13968,20,3.75966134385624
13970,20,16.354756499370854
13971,20,4.9385385008111164
13975,25,16.049638772354733
13977,24,8.596347760986943
13980,22,10.178238534431369
13984,18,1.8365157376721
13986,22,30.939157281168345
13988,18,39.29022404625498
13989,21,2.863539771211857
13993,23,38.1502192973652
13995,26,16.177102791633505
14000,27,16.511217504142813
14002,25,2.754364492840754
14007,27,24.204830231665973
14009,23,38.48805105402087
14023,19,25.37871134272368
14026,18,31.65716528625036
14028,22,0.96210064364182
14037,22,29.056256138561093
14038,25,36.83256997876333
14047,24,14.717427837965449
14048,26,0.3260454009582424
14054,28,32.12641256682841
14056,20,21.87534914902476
14058,18,18.378179763775723
14064,27,14.610439876628496
14065,28,2.626337495278135
14078,25,27.0516523862556
14079,21,0.4165921576206168
14082,27,5.395247389331841
14091,18,27.0862333586154
14102,25,39.06843989917717
14116,25,36.713173073724136
14118,18,12.847482579351446
14123,29,17.932462922838926
14128,25,38.47351094187971
14137,27,1.4323976295807834
14138,27,3.0470162881315885
14140,19,11.890825620272368
14141,23,30.81555984944896
14150,22,38.11083458883997
14152,21,23.069864201735854
14153,20,34.73769602029008
14154,22,36.18379241049009
14166,21,20.52073104379731
14167,29,35.257705738362624
14169,19,19.55985811612008
14179,18,2.160857031428375
14184,23,36.93298790131273
14195,26,8.752328597825937
14199,20,26.455755183821587
14205,23,15.504813649949057
14208,28,1.9926627693977008
14209,20,29.84391909612188
14214,21,2.418492200438116
14216,18,23.580735451098125
14222,20,37.0018887314566
14227,27,27.673982673757912
14230,29,30.28558903405675
14236,28,8.819085146237567
14241,20,11.916486516074327
14248,23,12.145272685317911
14262,28,18.201244439567706
14263,24,15.993305575779614
14269,25,35.28462724901514
14271,18,17.2949108369528
14272,18,22.45158865596256
14273,23,4.64482076542876
14284,23,2.5404878690939827
14285,20,3.8487318122642256
14290,23,12.578964153902657
14295,28,25.148980847368865
14301,22,16.681281003796823
14310,29,18.16992113076629
14312,25,3.745726290833842
14321,22,0.8752290646966593
14329,25,13.153384840004424
14330,23,26.796749524606184
14334,24,25.493069939382018
14338,19,16.637122088595124
14343,23,5.621173845704796
14344,29,31.05505468662654
14348,23,4.692143003571573
14357,24,0.1750539561525911
14365,18,25.245703594001323
14367,23,10.267348318174935
14368,27,31.253173191129875
14369,18,33.66450568805094
14370,26,23.67916755976778
14371,21,19.136823476057145
14372,22,29.47147820977111
14380,25,9.832513933704714
14381,29,27.561694980201537
14387,26,32.80877863606233
14393,21,19.296139174781576
14395,26,3.85514570076233
14403,18,26.222284612235423
14409,24,33.68829862384572
14410,23,1.9594346045583484
14414,28,14.758522552142397
14422,26,4.449050121258476
14425,29,23.273467569393134
14426,23,25.665826405130364
14427,19,26.02448743281129
14434,22,12.186388606114347
14453,27,21.619453242909024
14454,28,24.36315188222896
14460,25,9.090765014942452
14461,22,23.36971583747568
14466,26,21.272704998610926
14469,27,0.1499986233181474
14471,20,11.870976947735658
14479,21,24.41311744758532
14481,28,14.150469440872763
14485,20,36.68413382134093
14491,25,35.81523739656262
14492,29,35.246998575173656
14493,27,21.5210795352695
14499,29,4.402294493360371
14500,21,3.527245434293541
14501,18,28.907413308843115
14510,24,30.85766921146605
14512,20,1.5755878970428587
14513,20,8.210343294941817
14519,21,16.263871221894433
14523,24,26.364206918500926
14527,25,11.358975581491157
14530,23,37.85395666086305
14536,29,6.601027472045435
14538,25,25.478055592542923
14539,26,31.951042455020325
14543,26,25.408072307540408
14544,28,11.06864236703503
14551,18,22.73486083616464
14555,24,31.73423248510022
14570,21,26.385901360266573
14572,26,28.62536601083292
14590,20,35.80718490715238
14591,28,18.1442089084108
14592,24,36.84018842595799
14594,19,39.47138403592017
14598,27,11.862347356589352
14601,28,14.155998581937157
14603,24,27.59121073417042
14607,29,33.77689031076483
14608,22,35.41972561573073
14611,20,17.318206598342137
14612,27,6.80454554521082
14613,18,20.17947699197512
14614,23,22.70946676178796
14620,20,27.2109496878321
14621,25,8.86074402887456
14631,19,6.32091337275427
14641,19,19.61066775088446
14642,20,9.479663560664562
14645,21,11.871508548794685
14646,20,9.397368633853796
14648,18,36.46801307120809
14654,21,15.777667008391004
14659,29,22.66746645634476
14667,28,31.59938207113528
14668,25,27.130950502145403
14674,21,2.489020551016496
14678,28,14.59273850638107
14680,23,32.94352368199793
14682,28,32.761705068076104
14687,18,2.715367686376734
14690,25,18.56727744296593
14691,20,23.40458154941996
14692,22,11.625309799087928
14701,18,28.84181996621972
14706,25,17.949346799730108
14714,23,10.442273792639128
14715,29,21.36562427073646
14725,18,31.01694639688689
14727,21,35.928972171898515
14740,29,11.576884152976392
14743,20,28.494105852754547
14745,25,5.191130415317142
14746,25,0.3903786208651223
14754,21,24.85294834955348
14758,20,8.860410418450103
14759,20,17.189309115175924
14764,21,10.276785222056
14765,25,27.84380312904832
14773,23,34.7891686798893
14776,24,10.029416320248815
14778,29,15.482785005907258
14780,23,21.85537630766315
14791,20,6.42936352846708
14796,25,7.164151654533425
14800,22,34.63965326147521
14802,29,24.353440440167944
14810,28,36.41880881746463
14812,28,2.460112090994286
14831,18,36.13555275142828
14833,28,30.235817412110663
14834,24,37.68863006184544
14835,28,19.031959395014272
14838,23,30.2092857403759
14841,23,2.7302696564502025
14843,26,29.723227299432704
14852,24,10.611108977620477
14853,28,22.026813444694994
14855,24,36.58425172516951
14860,22,23.06375898655689
14863,28,25.80182178144233
14866,28,8.53072891242677
14879,25,5.235845909010817
14895,22,35.67838969154143
14900,27,25.173382071940395
14902,28,8.198774449062723
14903,20,36.96201093249616
14906,27,30.75208822870769
14908,21,12.638580259948364
14914,26,38.30281014169341
14916,24,18.971737314807072
14919,21,5.687799370266276
14928,26,13.53257444196888
14930,18,8.796191810005194
14938,23,5.848001795247275
14944,23,23.399295586246893
14945,28,2.242540253880644
14949,21,14.491174448298116
14960,21,34.62281544539927
14962,24,17.553376629531268
14964,24,16.01800733530427
14966,18,27.234093815337697
14970,25,11.516892953854216
14977,29,6.030586780154336
14987,23,7.03643875321221
14995,24,30.99209340084865
14998,27,23.82073713804142
